Month,TotalExports,Inter_goods_NO,US_IndustrialProduction,GSCPI
1993-01,3491025.0,3149873.0,64.5978,
1993-02,3824112.0,3456758.0,64.9089,
1993-03,4454157.0,3968973.0,64.8522,
1993-04,4131085.0,3548665.0,65.0301,
1993-05,4125457.0,3603326.0,64.784,
1993-06,4789999.0,4153027.0,64.9301,
1993-07,4151908.0,3836989.0,65.1052,
1993-08,4219402.0,3668836.0,65.0267,
1993-09,4446892.0,3856989.0,65.3717,
1993-10,4923708.0,3951342.0,65.8509,
1993-11,4649174.0,3963067.0,66.1518,
1993-12,4679050.0,3985213.0,66.5436,
1994-01,4089070.0,3874797.0,66.7351,
1994-02,4531315.0,4250866.0,66.774,
1994-03,5155533.0,4475123.0,67.4552,
1994-04,4655097.0,4119774.0,67.8541,
1994-05,5096665.0,4594211.0,68.1663,
1994-06,5315984.0,4824048.0,68.6265,
1994-07,4757600.0,4362903.0,68.7178,
1994-08,5271435.0,4856810.0,69.1785,
1994-09,5035115.0,4564415.0,69.3961,
1994-10,5555650.0,4948665.0,69.9544,
1994-11,6108348.0,5193890.0,70.4326,
1994-12,5310387.0,4630455.0,71.1523,
1995-01,5932391.0,4742549.0,71.2734,
1995-02,6066195.0,4290698.0,71.193,
1995-03,6788153.0,4812398.0,71.3113,
1995-04,5864530.0,3875088.0,71.1882,
1995-05,7027839.0,4701759.0,71.5378,
1995-06,6739092.0,4694333.0,71.7749,
1995-07,6048581.0,4154427.0,71.4748,
1995-08,7099164.0,5051190.0,72.4223,
1995-09,6939424.0,4868888.0,72.7144,
1995-10,7346393.0,5301891.0,72.5866,
1995-11,6909189.0,5072197.0,72.7779,
1995-12,6780603.0,4846556.0,73.0305,
1996-01,7142790.0,5058500.0,72.6125,
1996-02,7112474.0,5228223.0,73.6752,
1996-03,7615113.0,5374914.0,73.585,
1996-04,7915540.0,5559051.0,74.3172,
1996-05,8075420.0,5868663.0,74.8726,
1996-06,7615922.0,5395554.0,75.4433,
1996-07,8003292.0,6014158.0,75.4549,
1996-08,7857667.0,5873367.0,75.8411,
1996-09,8386121.0,6040137.0,76.3158,
1996-10,9299120.0,7021552.0,76.3384,
1996-11,8467329.0,6328797.0,77.0397,
1996-12,8508952.0,5844421.0,77.5333,
1997-01,8181992.0,5896210.0,77.6562,
1997-02,8068267.0,5989839.0,78.5833,
1997-03,8848132.0,6406543.0,79.082,
1997-04,9220360.0,6710887.0,79.1747,
1997-05,8835675.0,6509299.0,79.6133,
1997-06,9384390.0,6910115.0,79.9792,
1997-07,9361095.0,7136887.0,80.6624,
1997-08,8950302.0,6880127.0,81.4694,
1997-09,9864982.0,7539922.0,82.2156,
1997-10,10289043.0,7746854.0,82.9446,
1997-11,9559202.0,7283160.0,83.5978,
1997-12,9868058.0,7491275.0,83.9538,
1998-01,8547674.0,6718207.0,84.3218,-1.1015301642448057
1998-02,8908950.0,7092674.0,84.4583,-0.43617031542893936
1998-03,10649545.0,8364512.0,84.488,-0.05006568845625184
1998-04,9792844.0,7549688.0,84.7779,-0.11184325560720146
1998-05,9772383.0,7575843.0,85.3367,-0.42584751383021113
1998-06,10306289.0,8155147.0,84.8248,-0.7466700120322463
1998-07,9126235.0,7303243.0,84.4986,-0.9269443360850029
1998-08,9236794.0,7658234.0,86.248,-0.9065279156950766
1998-09,10223556.0,8306536.0,86.2021,-0.9146488425833204
1998-10,10338716.0,8329625.0,86.7914,-0.6827023004243739
1998-11,10266337.0,8478135.0,86.7256,-0.8656641925020707
1998-12,10369971.0,8240149.0,87.1185,-0.6147683195754039
1999-01,8663443.0,6975987.0,87.4949,-0.27904903328179725
1999-02,9613236.0,7500360.0,88.027,0.002026630561592402
1999-03,11663694.0,8978551.0,88.2267,-0.2774412746909577
1999-04,10533432.0,8215130.0,88.4295,-0.2130164009113138
1999-05,11068961.0,8580872.0,88.9886,-0.3544127553617587
1999-06,12038721.0,9205254.0,88.9188,-0.3676366849958858
1999-07,11050320.0,8318612.0,89.4333,-0.6203700146401392
1999-08,12285014.0,9681270.0,89.7924,-0.45160994521823755
1999-09,11957664.0,9011002.0,89.4299,-0.3906346620127848
1999-10,12329161.0,9463876.0,90.523,-0.11974469955125604
1999-11,12994306.0,10261365.0,90.9618,-0.1667570858383597
1999-12,12163864.0,9337321.0,91.6634,-0.20608595344690947
2000-01,11252743.0,8635824.0,91.538,-0.6171356170058285
2000-02,13189566.0,10098342.0,91.8239,-0.42300311601790164
2000-03,13575435.0,10262341.0,92.1504,-0.28114141588345115
2000-04,12327403.0,9419990.0,92.6989,0.12705524459718315
2000-05,14654687.0,11418279.0,92.9499,0.28151228724259125
2000-06,14045054.0,10591181.0,92.9862,0.0435167129662301
2000-07,13411361.0,10300190.0,92.8048,-0.015869874981165735
2000-08,15261802.0,12028595.0,92.5521,0.08743640583890946
2000-09,14110043.0,10739234.0,92.9792,0.04503380428508711
2000-10,16131582.0,12350865.0,92.6179,-0.526568382816282
2000-11,14525529.0,11077731.0,92.6438,-0.7417826214017357
2000-12,13635532.0,10567373.0,92.3415,-0.9268678987646702
2001-01,12853053.0,10058288.0,91.902,-0.9232320327873631
2001-02,12566162.0,9471485.0,91.3034,-0.776442219724513
2001-03,14311048.0,10627378.0,91.1162,-0.5831561215068664
2001-04,13273001.0,10314222.0,90.7891,-1.0020432056705337
2001-05,14051740.0,10581006.0,90.3555,-1.119861806966222
2001-06,13423356.0,9919290.0,89.8784,-0.6946482225850958
2001-07,12947584.0,9835685.0,89.3028,-0.8349659535430118
2001-08,13502467.0,10161878.0,89.2003,-0.7877880228081635
2001-09,12679097.0,9541969.0,88.7485,-0.6745244094834457
2001-10,14484934.0,11099464.0,88.5052,-1.2183865595312449
2001-11,12511301.0,9888332.0,87.97,-1.4433891949854651
2001-12,12175990.0,9325021.0,87.9324,-1.1623601709439157
2002-01,11579633.0,8796787.0,88.5176,-0.9247996527772634
2002-02,11977242.0,9072089.0,88.5278,-0.4731057852001271
2002-03,13120312.0,9990112.0,89.1686,-0.4359701175575618
2002-04,14445063.0,10831951.0,89.604,-0.5900121400346232
2002-05,13911295.0,10255808.0,89.964,-0.3077089254288682
2002-06,13124146.0,9871235.0,90.7061,-0.6244873529863603
2002-07,14066592.0,10745285.0,90.6769,-0.943964526818441
2002-08,13726998.0,10381489.0,90.5762,-1.0846414497884669
2002-09,13573619.0,10392867.0,90.6531,-1.137068248891692
2002-10,14856076.0,11117246.0,90.4643,-1.2477890924519968
2002-11,13230385.0,9895846.0,90.9711,-0.7535430877617834
2002-12,13434619.0,10038335.0,90.4652,-0.6924869076857462
2003-01,12613632.0,8902017.0,91.2361,-0.6321250120114427
2003-02,12867156.0,9009110.0,91.3445,-0.3089455026054462
2003-03,13570706.0,9948629.0,91.1044,-0.33115124592651685
2003-04,13563240.0,10396920.0,90.5617,-0.5636398285907284
2003-05,13153418.0,9919563.0,90.537,-0.19943009211630638
2003-06,13527896.0,10033884.0,90.6527,-0.1221434318849621
2003-07,13740277.0,10406092.0,91.1185,-0.0018349982239855955
2003-08,13427713.0,9898260.0,90.9197,-0.07393326365384345
2003-09,14375051.0,10671599.0,91.5059,0.05615307576838429
2003-10,15128019.0,11186810.0,91.6186,-0.2776732143288667
2003-11,13760615.0,10373006.0,92.2329,-0.4179250016978035
2003-12,15038713.0,11154727.0,92.2602,-0.37021531978733446
2004-01,12710912.0,9298676.0,92.4006,-0.5069899678235827
2004-02,13864283.0,10255029.0,92.958,-0.38183619859075857
2004-03,16617819.0,12214787.0,92.5861,-0.013715658954869843
2004-04,14725798.0,11114620.0,92.93,0.404019707457029
2004-05,16154748.0,11871896.0,93.6013,0.3514915415047519
2004-06,16507297.0,12377577.0,92.871,0.4081592489740177
2004-07,15016997.0,11240280.0,93.5649,-0.46679252366823826
2004-08,16927796.0,12782731.0,93.6277,0.07117480446291924
2004-09,15929465.0,11458674.0,93.7467,-0.02348714537880234
2004-10,16913202.0,12532205.0,94.5465,-0.6220488167979025
2004-11,17075574.0,13449111.0,94.7813,-0.06728460388250983
2004-12,15554664.0,11619145.0,95.5365,0.0918238263338631
2005-01,14125238.0,10740964.0,95.8801,-0.1297145598537484
2005-02,15411666.0,11160621.0,96.5761,-0.13870192718412874
2005-03,17357855.0,12110852.0,96.4456,-0.2831187810399104
2005-04,17378788.0,12461170.0,96.6532,-1.3323334812734384
2005-05,18280740.0,13208113.0,96.7402,-0.9931889553141151
2005-06,18317507.0,12963490.0,97.1753,-0.9431127405732314
2005-07,16376581.0,11873517.0,96.8676,-0.8977849663752783
2005-08,19499370.0,14220094.0,97.1833,-0.5150469915519207
2005-09,18307395.0,12753106.0,95.3005,0.06177282335348099
2005-10,19560110.0,13771637.0,96.4572,-0.08512643694468457
2005-11,20224043.0,14450458.0,97.5414,-0.657125028437722
2005-12,19393663.0,13554126.0,98.0452,-0.7193651708037665
2006-01,19206468.0,12877850.0,98.1999,-0.3772494506461924
2006-02,18729262.0,12856271.0,98.2413,-0.7404717736381722
2006-03,20916663.0,14367361.0,98.4628,-0.3796552926830556
2006-04,19760576.0,13606576.0,98.7618,0.09773993289884962
2006-05,22710072.0,16000560.0,98.7869,0.10250750899633702
2006-06,21309067.0,15070781.0,99.0997,0.15176945157123375
2006-07,19825802.0,14073177.0,99.0489,-0.0986313052880709
2006-08,22822775.0,16285428.0,99.4836,0.06620305422601261
2006-09,20491331.0,14887541.0,99.3183,-0.6426536030666756
2006-10,23185780.0,17114933.0,99.2044,-0.5156825929687016
2006-11,20854240.0,15075404.0,99.1627,-0.23494779886512412
2006-12,20113108.0,14082644.0,100.1735,-0.46482808131665454
2007-01,18999356.0,14121554.0,99.8346,-0.8800339505414219
2007-02,19608830.0,13909839.0,100.7753,-0.7145792057062179
2007-03,21660852.0,15140083.0,100.9547,-0.5895540101971689
2007-04,21076640.0,14941473.0,101.6334,-0.8302109365549297
2007-05,23813951.0,17001229.0,101.7306,-0.41763209746433394
2007-06,22765180.0,15816161.0,101.7893,-0.3786827866925976
2007-07,22634792.0,16069799.0,101.6672,-0.43915002341401765
2007-08,24493338.0,17284934.0,101.863,-0.11264639754137579
2007-09,23141274.0,16161221.0,102.0894,-0.042428807560074625
2007-10,26088928.0,18832463.0,101.8015,-0.6183053220583293
2007-11,24331827.0,16376256.0,102.3446,-0.4935393947814716
2007-12,23260344.0,15103183.0,102.3803,-0.15417915087381232
2008-01,22232992.0,15726670.0,102.2448,-0.38141486205195946
2008-02,22855904.0,16068365.0,101.8438,0.45443770206955947
2008-03,24995231.0,16153798.0,101.5336,0.14792863940302234
2008-04,27029673.0,18699750.0,100.8785,0.13081178153938403
2008-05,26001708.0,17445390.0,100.2674,-0.12279181983255312
2008-06,26371487.0,17137056.0,100.0335,0.2726309345991934
2008-07,27548121.0,18651412.0,99.676,1.0004987414863975
2008-08,25833029.0,17700490.0,98.1111,0.279995908172189
2008-09,25085653.0,18165017.0,93.7895,-0.5313102199117363
2008-10,24429426.0,17926853.0,94.7219,-0.9827795313724454
2008-11,20275591.0,15146821.0,93.4715,-1.5214094578835733
2008-12,18683780.0,12892027.0,90.8357,-0.6867119460681447
2009-01,15081962.0,11171931.0,88.57,-0.4098019640154011
2009-02,16064787.0,11291634.0,88.031,-0.4495985558851413
2009-03,18518101.0,12841808.0,86.6528,0.16786628722560862
2009-04,17372169.0,11813214.0,85.9344,0.8251704281541091
2009-05,17238291.0,11734209.0,85.0665,0.3227180476274134
2009-06,19401741.0,13285755.0,84.7459,-0.5201492892538067
2009-07,18016248.0,12765329.0,85.7027,-0.7619041809059359
2009-08,19565549.0,13747553.0,86.6426,-1.1448545554289542
2009-09,20939086.0,14795691.0,87.4063,-0.5067326580483106
2009-10,22117619.0,14948203.0,87.6419,-0.4701209444506338
2009-11,22364014.0,15643048.0,88.0221,-0.8027847149039055
2009-12,23023983.0,15340513.0,88.3793,-0.6299627196645882
2010-01,19189889.0,13003444.0,89.3426,-0.3299203296963833
2010-02,21302600.0,14888467.0,89.6779,-0.1658140225298908
2010-03,26104127.0,18423681.0,90.2928,0.348442785292446
2010-04,24844517.0,17771715.0,90.5991,0.2775608145954005
2010-05,24796461.0,17369955.0,91.823,0.42433952452689266
2010-06,25000453.0,18413198.0,91.9928,-0.03778830526175239
2010-07,23334155.0,17149289.0,92.3421,-0.0493066885275916
2010-08,26917226.0,19784258.0,92.6805,0.3059692141126942
2010-09,25338436.0,18211613.0,92.9537,0.3617990011416754
2010-10,26530071.0,19205800.0,92.6903,0.6761663868224044
2010-11,28169737.0,20035452.0,92.7709,0.4391064294986924
2010-12,26945474.0,18164706.0,93.6787,0.6918534937138612
2011-01,24674597.0,16371528.0,93.4814,0.7550203584910098
2011-02,25771475.0,17798796.0,93.1102,0.3535242854994986
2011-03,31355125.0,21106193.0,94.0788,0.735448644082973
2011-04,27808164.0,18717682.0,93.7749,1.6020279868218446
2011-05,31079659.0,21371357.0,93.888,0.9279741882914135
2011-06,30394790.0,20544676.0,94.172,0.20404829001644442
2011-07,27848617.0,19728814.0,94.636,0.2829712650129384
2011-08,31463992.0,22228192.0,95.2749,-0.10535316780778568
2011-09,28774476.0,20385900.0,95.1961,-0.5494853479001379
2011-10,30023464.0,20746818.0,95.8568,-0.3848195774574865
2011-11,31051747.0,21794601.0,95.8485,0.1406098066349976
2011-12,29187280.0,19486171.0,96.3571,-0.04795576805306915
2012-01,27281577.0,18661622.0,96.9318,0.37725304557599043
2012-02,30015345.0,20656207.0,97.2435,0.004139184809393481
2012-03,32312046.0,21314646.0,96.74,-0.3738068241551226
2012-04,30900421.0,21124939.0,97.4359,-0.3267565889870631
2012-05,33135477.0,22957775.0,97.6609,-0.6778416900837932
2012-06,30272703.0,20940907.0,97.6663,-0.7051649616031669
2012-07,30294406.0,21561977.0,97.8713,-0.6827498027716755
2012-08,31660136.0,22442028.0,97.4525,-0.1428036607029856
2012-09,29279642.0,20100888.0,97.381,-0.2621052775010136
2012-10,33939839.0,24120691.0,97.7193,-0.011849327677514322
2012-11,31468922.0,21631720.0,98.0777,-0.3594243725495208
2012-12,30209376.0,19927952.0,98.3101,-0.1540999739196837
2013-01,27298537.0,19742722.0,98.3342,-0.06199673022365473
2013-02,29091473.0,20191852.0,98.7941,-0.38210906657485194
2013-03,31838072.0,20688974.0,99.1921,-0.5510137650051598
2013-04,32729138.0,22957755.0,99.1065,-0.7364778934154711
2013-05,32845282.0,23322267.0,99.1839,-0.8693261227000599
2013-06,31088267.0,21167322.0,99.3897,-0.6753196893014602
2013-07,32252174.0,23129668.0,99.0814,-0.6621012392442007
2013-08,32677304.0,22483406.0,99.6543,-0.5803426404065385
2013-09,31377763.0,21188415.0,100.161,-0.29063121108358514
2013-10,35082425.0,24241512.0,100.082,-0.19672623740252163
2013-11,31673409.0,21417915.0,100.3158,-0.7033930461747626
2013-12,32061207.0,20355649.0,100.5175,-0.5034720025765219
2014-01,27052385.0,20201932.0,100.1599,-0.6480432643621534
2014-02,30461527.0,20482052.0,100.9168,-0.28696228621756187
2014-03,33245192.0,22557040.0,101.8942,-0.6296170134806915
2014-04,34059950.0,23099592.0,101.9928,-0.8239137764661949
2014-05,34373788.0,24261112.0,102.3836,-0.841459249894546
2014-06,33436311.0,23269452.0,102.735,-0.7022628012657349
2014-07,33687101.0,24165033.0,102.9632,-0.8245479012774046
2014-08,33286822.0,24081204.0,102.7688,-0.6399228136509622
2014-09,34147311.0,23030574.0,103.0641,-0.821060828487359
2014-10,36879601.0,25523373.0,103.0764,-0.6034696080653352
2014-11,32192734.0,22617176.0,103.7126,-0.9797119925435434
2014-12,34090910.0,23014796.0,103.7044,-0.40827623452432554
2015-01,26553377.0,20234889.0,102.8905,-0.5214374759941036
2015-02,29731307.0,20847681.0,102.2335,-0.3278960699118255
2015-03,34177473.0,24196436.0,101.8914,-0.3963046814448671
2015-04,32971490.0,23790350.0,101.3355,-0.36543924871435096
2015-05,31244705.0,23252571.0,100.8883,-0.5608535777616632
2015-06,33761831.0,24317483.0,100.571,-0.8736564775531798
2015-07,32694944.0,24644762.0,101.2228,-0.424207519367686
2015-08,31009789.0,22955828.0,101.0367,-0.6913952209929503
2015-09,32187182.0,23562090.0,100.7547,-0.40481603166112035
2015-10,34100594.0,24910679.0,100.2675,-0.25303811521537234
2015-11,30981322.0,22831444.0,99.5298,-0.6518364436031716
2015-12,31142075.0,21955359.0,99.0417,-0.6146864526512206
2016-01,24687865.0,19824813.0,99.5607,-0.8062421685869569
2016-02,28967000.0,21810783.0,99.0445,-0.7585451665036511
2016-03,31493610.0,23038010.0,98.3096,-0.6637793397380366
2016-04,30387276.0,23579822.0,98.6421,-0.278259358644854
2016-05,31410821.0,22968536.0,98.4184,-0.7214056719103343
2016-06,31949905.0,23101967.0,98.8833,-0.2945871024408138
2016-07,29773010.0,22193938.0,98.9992,-0.1752591360876275
2016-08,32446304.0,24337905.0,98.85,0.08568612223489515
2016-09,32701172.0,23954413.0,98.7457,-0.29785511089497096
2016-10,32596379.0,23410861.0,98.7611,-0.06566746101718687
2016-11,34344613.0,24255058.0,98.3491,-0.3178411809007641
2016-12,33195659.0,22946650.0,99.0214,-0.23198829891039227
2017-01,27316175.0,21372046.0,98.7611,0.16016375577923955
2017-02,31345973.0,21749359.0,98.3646,0.14452687321225527
2017-03,36048426.0,25823953.0,99.0137,0.0739615128927107
2017-04,31768954.0,21986844.0,100.0224,0.006075919116702517
2017-05,35342342.0,26559792.0,100.1408,-0.15179844947089458
2017-06,35547887.0,25436110.0,100.3471,0.083604222176526
2017-07,32155156.0,23871749.0,100.1068,0.08413962350063037
2017-08,35926907.0,26715271.0,99.6925,0.38557978442029245
2017-09,33771318.0,24797939.0,99.7954,0.5456421662809159
2017-10,36715630.0,26945152.0,101.0247,0.7863660346513252
2017-11,37507573.0,25574534.0,101.2664,0.8046970749456354
2017-12,35986234.0,24222703.0,101.4644,0.6792776013735117
2018-01,30718527.0,24111218.0,101.4625,0.5798150064957962
2018-02,35093793.0,23751253.0,101.7085,0.05782115642943494
2018-03,39484266.0,26565217.0,102.2067,0.432940427749301
2018-04,37181694.0,25908769.0,103.3329,0.5111970487550115
2018-05,39213912.0,28865075.0,102.4024,0.375299396565414
2018-06,37483508.0,26471859.0,103.198,0.42857576915045187
2018-07,36742212.0,27212955.0,103.3646,0.4410699053001991
2018-08,39545208.0,28983242.0,104.0327,0.5256190112134366
2018-09,37700602.0,26294967.0,104.1004,0.46491204379526374
2018-10,41356070.0,30291667.0,103.9856,0.5282675755716932
2018-11,38595389.0,28235851.0,104.0681,0.45436868140703707
2018-12,37597547.0,24704188.0,104.0936,0.46137178297834314
2019-01,32637220.0,25846013.0,103.4021,0.5134921535369111
2019-02,36437807.0,25168390.0,102.8371,0.14293519327039697
2019-03,39018828.0,26747584.0,102.8757,0.21290441198430024
2019-04,39586470.0,26840210.0,102.274,0.013767561464390787
2019-05,41749996.0,29037135.0,102.392,-0.6233868236070488
2019-06,37924986.0,25383870.0,102.4375,-0.47404503414701377
2019-07,39115793.0,29208490.0,101.9408,-0.45547791717228536
2019-08,40051141.0,28448103.0,102.639,-0.29262739401777016
2019-09,37180583.0,26749933.0,102.2917,0.12583299773669981
2019-10,40762123.0,28938908.0,101.4281,0.08380318888225925
2019-11,37484491.0,25735852.0,101.9372,0.14210760554335486
2019-12,38654441.0,24851471.0,101.7003,0.03642046324020268
2020-01,33580843.0,25205311.0,101.0338,0.053458217541554456
2020-02,36433717.0,24637997.0,101.3735,1.2853829691241427
2020-03,38310269.0,25997985.0,97.4078,2.6574602824660247
2020-04,23222658.0,19792151.0,84.5619,3.3745474475362416
2020-05,18116042.0,15974796.0,85.9604,2.5655355793873724
2020-06,33047725.0,20993041.0,91.5934,2.2548557705421537
2020-07,35499490.0,22296295.0,95.0256,2.9570171390553996
2020-08,37001121.0,22995795.0,95.9549,1.4706110224542075
2020-09,38539740.0,25649349.0,95.9669,0.6155460858322765
2020-10,41950815.0,26689709.0,96.7394,0.10192458448206186
2020-11,38313680.0,26027055.0,97.0816,0.7671882937596163
2020-12,43154635.0,26695358.0,98.363,1.7043838753260958
2021-01,32716091.0,24811964.0,98.8822,1.3553748539294326
2021-02,36213207.0,24598054.0,95.6149,1.981764952381174
2021-03,43029980.0,31955610.0,98.3856,2.310850183939823
2021-04,40944531.0,29266243.0,98.5587,2.7979406483605382
2021-05,40845600.0,29642325.0,99.4333,3.0807113599213434
2021-06,42619373.0,30429001.0,99.7987,2.80694496207541
2021-07,40952956.0,32682340.0,100.2519,2.985496949126033
2021-08,40471381.0,31862802.0,100.0437,3.3679891476152863
2021-09,41754363.0,31931563.0,98.8579,3.4343977093581426
2021-10,41858778.0,32014872.0,100.1861,3.980671743872993
2021-11,45676554.0,32525307.0,100.8654,4.391446467961164
2021-12,47866200.0,33327958.0,100.5726,4.469366382428457
2022-01,33923041.0,28286499.0,100.1856,3.756490607200721
2022-02,46288481.0,33289278.0,100.8064,2.836442313587759
2022-03,51948842.0,37318607.0,101.3907,2.8848158398052615
2022-04,47580499.0,35135820.0,101.44,3.5781470235923547
2022-05,49964741.0,36527851.0,101.3335,2.788139464603503
2022-06,51220139.0,37682484.0,101.018,2.455172202523147
2022-07,46216526.0,35775494.0,101.223,1.8611968484634294
2022-08,50464229.0,39003312.0,101.0963,1.5417025507816857
2022-09,52323438.0,36994147.0,101.2918,1.046602607573227
2022-10,49199055.0,36361993.0,101.2529,1.1490251900627426
2022-11,49249147.0,35359750.0,100.9552,1.2785412009790538
2022-12,49319342.0,34045502.0,99.7664,1.340538622063612
2023-01,42609734.0,31884744.0,100.505,1.0817872109949913
2023-02,44891180.0,33080932.0,100.6416,-0.22467584376963035
2023-03,53564189.0,36571508.0,101.0205,-1.167684013034566
2023-04,46086560.0,33954319.0,101.253,-1.3092244472886132
2023-05,52835329.0,37746657.0,100.9286,-1.5846057883553717
2023-06,51820219.0,37020240.0,100.1196,-1.1114696919561469
2023-07,47786853.0,34142195.0,100.9067,-0.9432739248144683
2023-08,52458590.0,37248792.0,100.8393,-1.0760872452166104
2023-09,49642255.0,34970683.0,101.0211,-0.6573187813834965
2023-10,51856871.0,36240196.0,100.4689,-0.3799114111561812
2023-11,50171872.0,34350944.0,100.8639,0.162066763386877
2023-12,49277811.0,30972454.0,100.6031,-0.16603067733632892
2024-01,42135801.0,31394563.0,99.2223,-0.3502112341004736
2024-02,50794819.0,36759684.0,100.285,-0.19415976579071947
2024-03,50645665.0,33950063.0,100.4575,-0.3602781406676119
2024-04,51522649.0,38703393.0,100.2434,-0.9609012727613084
2024-05,55754041.0,38111113.0,100.863,-0.5880253684741786
2024-06,48824268.0,36188074.0,100.894,-0.3525087655651186
2024-07,54550711.0,39113894.0,99.9757,-0.04814210500640634
2024-08,51902528.0,40900979.0,100.4309,0.2044845092463719
2024-09,49629743.0,35486025.0,99.8084,0.10266914598881233
2024-10,57897710.0,41190652.0,99.4695,-0.3534708205611046
2024-11,52264794.0,37150509.0,99.2925,-0.2898820108846027
2024-12,51754359.0,34670954.0,100.3273,-0.26985065357261595
2025-01,44398267.0,34944840.0,100.0647,-0.18810636651202703
2025-02,49098535.0,33823406.0,101.0993,-0.0071884316155049425
2025-03,55404972.0,37962982.0,101.0404,-0.1852649110455139
2025-04,54347764.0,38671966.0,101.1279,-0.24922929029523652
2025-05,55476735.0,39319158.0,100.9655,0.2750474535483146
2025-06,54001827.0,38752972.0,101.4785,0.08601531210013097
2025-07,56707774.0,40241350.0,101.894,0.02330675909896861
2025-08,55718184.0,41837024.0,101.6247,-0.08598056018594735
2025-09,56487938.0,42827760.0,101.668,-0.023213765213991686
2025-10,66132551.0,48133444.0,101.2195,-0.07998330606176761
2025-11,56411894.0,40530247.0,101.0344,-0.15385844109971475
2025-12,60650727.0,41042762.0,101.5203,0.5527629340487368
2026-01,48007823.0,40708557.0,101.4737,0.43919639936339927
2026-02,56851119.0,43786323.0,102.1009,0.5451288589595198
2026-03,70727019.0,48654331.0,101.806,0.6791435695236223
2026-04,,,102.4963,1.82286722043167
