Month,NEER (Nominal - Broad),REER (Real - Broad)
1994-01,641.73,154.64
1994-02,640.1,153.79
1994-03,606.3,145.27
1994-04,600.5,143.62
1994-05,607.8,145.2
1994-06,600.06,142.97
1994-07,590.82,140.95
1994-08,594.57,141.83
1994-09,589.07,141.05
1994-10,584.17,140.41
1994-11,581.39,140.23
1994-12,505.85,122.98
1995-01,355.88,89.35
1995-02,352.68,91.93
1995-03,292.74,80.53
1995-04,315.94,93.45
1995-05,329.91,101.4
1995-06,316.03,100.0
1995-07,322.1,103.99
1995-08,320.82,105.02
1995-09,316.89,105.56
1995-10,295.94,100.36
1995-11,259.78,90.27
1995-12,260.59,93.49
1996-01,269.33,99.57
1996-02,267.45,100.81
1996-03,265.8,101.92
1996-04,270.48,106.19
1996-05,271.23,108.18
1996-06,267.24,108.26
1996-07,264.94,108.72
1996-08,268.39,111.34
1996-09,267.83,112.52
1996-10,261.85,111.08
1996-11,255.47,109.84
1996-12,257.44,114.16
1997-01,260.2,117.98
1997-02,262.89,120.8
1997-03,258.13,119.86
1997-04,260.62,122.0
1997-05,260.08,122.85
1997-06,258.09,122.82
1997-07,261.72,125.53
1997-08,266.37,128.63
1997-09,266.8,130.05
1997-10,264.44,129.66
1997-11,251.8,124.92
1997-12,259.9,130.8
1998-01,259.23,132.96
1998-02,249.72,130.0
1998-03,247.28,129.97
1998-04,249.3,131.97
1998-05,247.23,131.67
1998-06,239.08,128.71
1998-07,239.84,130.3
1998-08,228.54,125.21
1998-09,208.5,115.8
1998-10,207.33,116.51
1998-11,210.97,120.63
1998-12,212.33,124.45
1999-01,206.57,123.88
1999-02,211.86,128.57
1999-03,218.91,133.76
1999-04,225.77,138.37
1999-05,227.03,139.98
1999-06,224.21,139.19
1999-07,227.7,142.01
1999-08,226.64,141.77
1999-09,227.46,143.01
1999-10,221.71,140.01
1999-11,225.6,143.72
1999-12,225.52,145.05
2000-01,223.55,145.34
2000-02,226.42,147.71
2000-03,229.71,149.79
2000-04,227.73,149.24
2000-05,226.63,148.92
2000-06,218.02,143.51
2000-07,227.69,150.18
2000-08,232.4,154.03
2000-09,231.58,153.79
2000-10,228.06,152.27
2000-11,229.31,154.26
2000-12,229.86,156.29
2001-01,222.05,151.12
2001-02,223.87,151.79
2001-03,227.89,155.12
2001-04,235.56,160.45
2001-05,240.73,163.69
2001-06,242.75,165.26
2001-07,241.37,164.28
2001-08,240.56,164.65
2001-09,233.22,160.49
2001-10,235.41,163.08
2001-11,239.18,166.64
2001-12,240.83,168.43
2002-01,241.81,170.26
2002-02,244.82,171.6
2002-03,245.12,171.98
2002-04,242.23,169.98
2002-05,231.88,162.97
2002-06,224.61,158.58
2002-07,223.17,157.91
2002-08,222.91,157.87
2002-09,218.19,155.1
2002-10,218.56,155.78
2002-11,215.22,154.53
2002-12,214.17,154.52
2003-01,204.68,147.59
2003-02,198.55,142.65
2003-03,198.45,142.78
2003-04,204.05,147.2
2003-05,208.11,149.86
2003-06,202.75,146.16
2003-07,204.44,147.55
2003-08,199.14,143.67
2003-09,195.59,141.43
2003-10,189.62,137.62
2003-11,190.11,139.26
2003-12,187.05,137.57
2004-01,191.67,141.26
2004-02,189.73,140.11
2004-03,191.02,140.77
2004-04,186.94,137.48
2004-05,184.02,134.38
2004-06,185.47,135.36
2004-07,183.56,134.43
2004-08,185.05,136.21
2004-09,183.19,135.62
2004-10,183.6,136.28
2004-11,182.16,136.32
2004-12,183.86,138.17
2005-01,183.24,137.48
2005-02,185.39,138.72
2005-03,184.79,138.16
2005-04,186.07,138.92
2005-05,188.78,140.61
2005-06,192.57,143.33
2005-07,195.55,145.62
2005-08,194.34,144.35
2005-09,192.58,142.32
2005-10,192.45,142.32
2005-11,196.18,146.87
2005-12,196.6,148.32
2006-01,196.75,148.44
2006-02,198.18,149.42
2006-03,193.26,145.36
2006-04,187.4,140.2
2006-05,184.77,137.09
2006-06,180.82,134.17
2006-07,187.37,139.19
2006-08,188.84,140.69
2006-09,187.23,141.21
2006-10,188.87,143.53
2006-11,187.71,143.45
2006-12,187.88,144.0
2007-01,187.06,143.86
2007-02,186.02,142.72
2007-03,183.33,140.09
2007-04,184.55,140.18
2007-05,186.92,140.61
2007-06,186.49,140.22
2007-07,185.96,140.3
2007-08,182.16,137.89
2007-09,181.36,137.94
2007-10,183.29,139.57
2007-11,180.94,138.01
2007-12,182.01,139.24
2008-01,179.97,137.74
2008-02,181.79,138.62
2008-03,180.35,137.77
2008-04,183.79,139.99
2008-05,185.69,140.37
2008-06,187.74,141.42
2008-07,189.05,142.64
2008-08,193.55,147.21
2008-09,185.94,142.42
2008-10,160.04,124.16
2008-11,156.23,124.13
2008-12,151.15,121.83
2009-01,146.42,118.0
2009-02,140.74,113.25
2009-03,140.22,113.28
2009-04,151.54,122.61
2009-05,152.64,122.93
2009-06,150.07,120.55
2009-07,149.47,120.56
2009-08,152.77,123.17
2009-09,147.31,119.22
2009-10,148.4,120.39
2009-11,149.39,121.63
2009-12,152.84,124.89
2010-01,153.56,126.5
2010-02,153.02,126.4
2010-03,157.2,130.44
2010-04,161.55,133.27
2010-05,157.15,128.71
2010-06,157.76,129.35
2010-07,155.15,127.42
2010-08,155.12,127.47
2010-09,153.76,126.75
2010-10,156.27,129.28
2010-11,158.04,131.51
2010-12,157.86,131.68
2011-01,160.58,134.05
2011-02,160.74,133.89
2011-03,160.87,133.33
2011-04,163.63,134.92
2011-05,164.44,134.12
2011-06,162.04,132.21
2011-07,163.6,133.98
2011-08,155.95,127.57
2011-09,147.96,121.01
2011-10,143.9,118.49
2011-11,141.56,117.86
2011-12,141.65,118.95
2012-01,145.03,122.13
2012-02,151.17,127.11
2012-03,152.26,127.33
2012-04,148.63,123.56
2012-05,143.38,118.93
2012-06,141.06,117.78
2012-07,147.09,123.64
2012-08,148.57,124.65
2012-09,150.39,126.18
2012-10,150.73,127.08
2012-11,148.92,126.74
2012-12,151.1,128.86
2013-01,153.02,130.74
2013-02,153.3,130.63
2013-03,156.55,134.23
2013-04,160.68,137.86
2013-05,159.52,136.31
2013-06,151.8,129.4
2013-07,154.53,131.64
2013-08,152.36,129.91
2013-09,150.39,128.29
2013-10,150.22,128.92
2013-11,150.21,130.22
2013-12,151.03,131.56
2014-01,149.07,130.68
2014-02,148.41,129.88
2014-03,149.55,130.69
2014-04,150.93,131.28
2014-05,152.36,131.74
2014-06,151.86,131.4
2014-07,151.66,131.63
2014-08,150.3,130.94
2014-09,150.32,131.29
2014-10,148.42,130.52
2014-11,147.96,131.62
2014-12,140.12,125.61
2015-01,139.38,125.33
2015-02,138.11,123.72
2015-03,136.44,122.21
2015-04,135.76,121.08
2015-05,134.9,119.29
2015-06,133.66,118.11
2015-07,130.47,115.44
2015-08,126.71,112.3
2015-09,124.9,111.15
2015-10,126.39,113.06
2015-11,126.89,114.3
2015-12,124.26,112.5
2016-01,118.19,107.4
2016-02,114.97,104.48
2016-03,119.4,108.35
2016-04,119.5,107.77
2016-05,115.73,103.63
2016-06,112.49,100.62
2016-07,113.34,101.73
2016-08,113.33,101.93
2016-09,109.34,98.65
2016-10,111.58,101.11
2016-11,106.02,96.89
2016-12,104.68,96.0
2017-01,100.24,93.12
2017-02,104.93,97.75
2017-03,110.34,103.36
2017-04,113.27,105.95
2017-05,112.89,105.42
2017-06,116.3,108.84
2017-07,117.77,110.67
2017-08,117.09,110.23
2017-09,116.4,109.45
2017-10,111.0,104.97
2017-11,110.25,105.29
2017-12,108.83,104.45
2018-01,108.69,104.56
2018-02,109.85,105.46
2018-03,109.98,105.9
2018-04,111.64,106.85
2018-05,106.06,101.03
2018-06,102.82,98.2
2018-07,110.61,106.13
2018-08,112.29,108.13
2018-09,111.43,107.46
2018-10,111.05,107.43
2018-11,105.28,103.03
2018-12,105.89,104.55
2019-01,110.42,109.1
2019-02,110.29,108.33
2019-03,110.16,108.22
2019-04,111.78,109.4
2019-05,111.64,108.71
2019-06,110.43,107.59
2019-07,111.73,109.12
2019-08,109.07,106.35
2019-09,109.94,107.24
2019-10,111.11,108.59
2019-11,111.04,109.37
2019-12,111.9,110.77
2020-01,113.45,112.44
2020-02,114.2,113.21
2020-03,96.65,96.16
2020-04,89.71,88.88
2020-05,92.84,92.51
2020-06,96.86,96.66
2020-07,95.77,95.82
2020-08,96.0,96.21
2020-09,98.03,98.32
2020-10,99.42,100.29
2020-11,102.86,104.02
2020-12,104.22,105.49
2021-01,104.13,105.84
2021-02,102.32,104.0
2021-03,100.67,102.87
2021-04,104.45,106.7
2021-05,104.02,106.09
2021-06,103.93,106.06
2021-07,104.93,107.3
2021-08,104.54,106.86
2021-09,104.72,107.39
2021-10,102.81,105.56
2021-11,101.0,104.45
2021-12,101.12,104.67
2022-01,102.96,106.59
2022-02,103.15,106.68
2022-03,103.4,106.91
2022-04,106.59,110.2
2022-05,108.59,111.73
2022-06,109.05,112.14
2022-07,107.37,110.93
2022-08,109.73,114.07
2022-09,112.03,116.7
2022-10,113.76,118.67
2022-11,115.7,121.44
2022-12,112.86,118.99
2023-01,115.08,121.44
2023-02,117.89,124.57
2023-03,119.69,126.54
2023-04,121.57,128.14
2023-05,124.57,130.9
2023-06,128.98,135.33
2023-07,131.27,138.01
2023-08,131.91,138.81
2023-09,130.38,137.42
2023-10,125.31,132.55
2023-11,129.09,137.78
2023-12,129.54,139.08
2024-01,130.91,141.49
2024-02,131.45,141.01
2024-03,133.71,143.61
2024-04,134.7,144.59
2024-05,134.48,143.93
2024-06,124.19,133.34
2024-07,124.97,135.16
2024-08,116.93,126.22
2024-09,113.49,122.43
2024-10,113.72,123.25
2024-11,111.34,121.4
2024-12,112.49,122.91
2025-01,111.22,121.41
2025-02,111.2,121.22
2025-03,111.83,122.16
2025-04,112.11,122.67
2025-05,114.78,125.88
2025-06,116.54,127.84
2025-07,118.49,129.98
2025-08,118.64,129.97
2025-09,119.72,131.2
2025-10,120.6,132.55
2025-11,120.9,133.89
2025-12,122.64,136.01
2026-01,125.18,139.06
2026-02,127.63,141.88
2026-03,124.69,139.0
